{
  "project_info": {
    "project_number": "727017069924",
    "project_id": "rentquest-d0965",
    "storage_bucket": "rentquest-d0965.appspot.com"
  },
  "client": [
    {
      "client_info": {
        "mobilesdk_app_id": "1:727017069924:android:907115afcf4b66034aae71",
        "android_client_info": {
          "package_name": "com.proj.rentquest"
        }
      },
      "oauth_client": [
        {
          "client_id": "727017069924-nmffr89ua9dge28hr8korjv7p4gc7ckm.apps.googleusercontent.com",
          "client_type": 3
        }
      ],
      "api_key": [
        {
          "current_key": "AIzaSyB39kAji2ETYa7m9tNHeIaZJhEYq1KBYx4"
        }
      ],
      "services": {
        "appinvite_service": {
          "other_platform_oauth_client": [
            {
              "client_id": "727017069924-nmffr89ua9dge28hr8korjv7p4gc7ckm.apps.googleusercontent.com",
              "client_type": 3
            }
          ]
        }
      }
    }
  ],
  "configuration_version": "1"
}